"seqnames","start","end","width","strand","V4","V5","annotation","geneChr","geneStart","geneEnd","geneLength","geneStrand","geneId","transcriptId","distanceToTSS","feature_simplified"
"chr1",10180,10180,1,"*","TBP_peak_1",6.1936,"Promoter (1-2kb)",1,11869,14409,2541,1,"100287102","ENST00000456328.2",-1689,"Promoter (1-2kb)"
"chr1",32759,32759,1,"*","TBP_peak_2",5.41164,"Promoter (2-3kb)",1,30366,30503,138,1,"100302278","ENST00000607096.1",2393,"Promoter (2-3kb)"
"chr1",36526,36526,1,"*","TBP_peak_3",88.4997,"Promoter (<=1kb)",1,34554,36081,1528,2,"645520","ENST00000417324.1",-445,"Promoter (<=1kb)"
"chr1",38729,38729,1,"*","TBP_peak_4",8.82442,"Promoter (2-3kb)",1,34554,36081,1528,2,"645520","ENST00000417324.1",-2648,"Promoter (2-3kb)"
"chr1",69259,69259,1,"*","TBP_peak_5",7.54076,"Exon (ENST00000641515.2/79501, exon 3 of 3)",1,65419,71585,6167,1,"79501","ENST00000641515.2",3840,"Other Exon"
"chr1",115740,115740,1,"*","TBP_peak_6",12.4375,"Intron (ENST00000466430.5/ENST00000466430.5, intron 1 of 3)",1,92230,129217,36988,2,"124900384","ENST00000477740.5",13477,"Other Intron"
"chr1",199914,199914,1,"*","TBP_peak_7",7.15965,"Distal Intergenic",1,185217,195411,10195,2,"100996442","ENST00000623083.4",-4503,"Distal Intergenic"
"chr1",207031,207031,1,"*","TBP_peak_8",26.0051,"Distal Intergenic",1,185217,195411,10195,2,"100996442","ENST00000623083.4",-11620,"Distal Intergenic"
"chr1",348298,348298,1,"*","TBP_peak_9",10.245,"Exon (ENST00000458203.2/ENST00000458203.2, exon 1 of 1)",1,258144,359681,101538,2,"124900618","ENST00000441866.2",11383,"Other Exon"
"chr1",629764,629764,1,"*","TBP_peak_10",38.0117,"Promoter (1-2kb)",1,627377,631150,3774,2,"101928626","ENST00000452176.2",1386,"Promoter (1-2kb)"
"chr1",630353,630353,1,"*","TBP_peak_11",21.5012,"Promoter (<=1kb)",1,627377,631150,3774,2,"101928626","ENST00000452176.2",797,"Promoter (<=1kb)"
"chr1",631237,631237,1,"*","TBP_peak_12",25.22,"Promoter (<=1kb)",1,594198,631204,37007,2,"105378947","ENST00000641296.1",-33,"Promoter (<=1kb)"
"chr1",632251,632251,1,"*","TBP_peak_13",34.9144,"Promoter (<=1kb)",1,594191,633129,38939,2,"105378947","ENST00000440196.3",878,"Promoter (<=1kb)"
"chr1",632839,632839,1,"*","TBP_peak_14",15.4432,"Promoter (<=1kb)",1,594191,633129,38939,2,"105378947","ENST00000440196.3",290,"Promoter (<=1kb)"
"chr1",633482,633482,1,"*","TBP_peak_15",12.9869,"Promoter (<=1kb)",1,594191,633129,38939,2,"105378947","ENST00000440196.3",-353,"Promoter (<=1kb)"
"chr1",634045,634045,1,"*","TBP_peak_16",31.9525,"Promoter (<=1kb)",1,594191,633129,38939,2,"105378947","ENST00000440196.3",-916,"Promoter (<=1kb)"
"chr1",778671,778671,1,"*","TBP_peak_17",66.5671,"Promoter (<=1kb)",1,725885,778663,52779,2,"100288069","ENST00000506640.3",-8,"Promoter (<=1kb)"
"chr1",789888,789888,1,"*","TBP_peak_18",3.48929,"Intron (ENST00000655765.1/105378580, intron 1 of 2)",1,784396,807321,22926,1,"124903817","ENST00000586288.1",5492,"Other Intron"
"chr1",790820,790820,1,"*","TBP_peak_19",4.82636,"Intron (ENST00000655765.1/105378580, intron 1 of 2)",1,784396,807321,22926,1,"124903817","ENST00000586288.1",6424,"Other Intron"
"chr1",812731,812731,1,"*","TBP_peak_20",5.99773,"Intron (ENST00000635509.2/105378947, intron 1 of 3)",1,817371,819837,2467,1,"400728","ENST00000326734.2",-4640,"Other Intron"
"chr1",827724,827724,1,"*","TBP_peak_21",26.0886,"Promoter (<=1kb)",1,827721,854422,26702,1,"643837","ENST00000702098.1",3,"Promoter (<=1kb)"
"chr1",842990,842990,1,"*","TBP_peak_22",3.74711,"Exon (ENST00000669922.1/643837, exon 3 of 3)",1,851348,852752,1405,1,"643837","ENST00000425657.1",-8358,"Other Exon"
"chr1",889661,889661,1,"*","TBP_peak_23",9.1865,"Distal Intergenic",1,874529,877234,2706,2,"284593","ENST00000635557.1",-12427,"Distal Intergenic"
"chr1",904806,904806,1,"*","TBP_peak_24",67.9417,"Promoter (<=1kb)",1,904834,915976,11143,1,"284600","ENST00000607769.1",-28,"Promoter (<=1kb)"
"chr1",921246,921246,1,"*","TBP_peak_25",9.45465,"Promoter (1-2kb)",1,916870,919692,2823,2,"100130417","ENST00000417705.1",-1554,"Promoter (1-2kb)"
"chr1",959208,959208,1,"*","TBP_peak_26",25.6426,"Promoter (<=1kb)",1,944203,959256,15054,2,"26155","ENST00000327044.7",48,"Promoter (<=1kb)"
"chr1",960547,960547,1,"*","TBP_peak_27",7.23635,"Promoter (<=1kb)",1,960584,965719,5136,1,"339451","ENST00000338591.8",-37,"Promoter (<=1kb)"
"chr1",966882,966882,1,"*","TBP_peak_28",9.01492,"Promoter (<=1kb)",1,966502,975008,8507,1,"84069","ENST00000379409.6",380,"Promoter (<=1kb)"
"chr1",1000132,1000132,1,"*","TBP_peak_29",45.2323,"Promoter (<=1kb)",1,998964,1000097,1134,2,"57801","ENST00000304952.11",-35,"Promoter (<=1kb)"
"chr1",1001002,1001002,1,"*","TBP_peak_30",5.62088,"Promoter (<=1kb)",1,1001138,1014540,13403,1,"9636","ENST00000624697.4",-136,"Promoter (<=1kb)"
"chr1",1001939,1001939,1,"*","TBP_peak_31",20.3044,"Promoter (<=1kb)",1,1001145,1014435,13291,1,"9636","ENST00000624652.1",794,"Promoter (<=1kb)"
"chr1",1013410,1013410,1,"*","TBP_peak_32",19.317,"Promoter (<=1kb)",1,1013497,1014540,1044,1,"9636","ENST00000649529.1",-87,"Promoter (<=1kb)"
"chr1",1017605,1017605,1,"*","TBP_peak_33",9.80913,"Promoter (2-3kb)",1,1020120,1056116,35997,1,"375790","ENST00000379370.7",-2515,"Promoter (2-3kb)"
"chr1",1019680,1019680,1,"*","TBP_peak_34",5.11091,"Promoter (<=1kb)",1,1020120,1056116,35997,1,"375790","ENST00000379370.7",-440,"Promoter (<=1kb)"
"chr1",1033151,1033151,1,"*","TBP_peak_35",9.17212,"Promoter (<=1kb)",1,1034106,1056116,22011,1,"375790","ENST00000651234.1",-955,"Promoter (<=1kb)"
"chr1",1040784,1040784,1,"*","TBP_peak_36",11.4871,"Exon (ENST00000379370.7/375790, exon 4 of 36)",1,1045399,1046349,951,1,"375790","ENST00000479707.1",-4615,"Other Exon"
"chr1",1059574,1059574,1,"*","TBP_peak_37",14.1723,"Promoter (<=1kb)",1,1059687,1066449,6763,1,"100288175","ENST00000688131.1",-113,"Promoter (<=1kb)"
"chr1",1069239,1069239,1,"*","TBP_peak_38",8.12575,"Exon (ENST00000412397.2/100288175, exon 10 of 10)",1,1064495,1066274,1780,1,"100288175","ENST00000433695.1",4744,"Other Exon"
"chr1",1074307,1074307,1,"*","TBP_peak_39",6.73838,"Promoter (<=1kb)",1,1070967,1074306,3340,2,"401934","ENST00000453464.3",-1,"Promoter (<=1kb)"
"chr1",1109974,1109974,1,"*","TBP_peak_40",7.84653,"Intron (ENST00000379339.5/54991, intron 2 of 11)",1,1082700,1106127,23428,2,"54991","ENST00000379319.5",-3847,"Other Intron"
"chr1",1116371,1116371,1,"*","TBP_peak_41",12.7007,"Promoter (<=1kb)",1,1087190,1116361,29172,2,"54991","ENST00000475119.5",-10,"Promoter (<=1kb)"
"chr1",1157614,1157614,1,"*","TBP_peak_42",15.2706,"Distal Intergenic",1,1167104,1167198,95,1,"406984","ENST00000384997.3",-9490,"Distal Intergenic"
"chr1",1185668,1185668,1,"*","TBP_peak_43",11.0969,"Promoter (<=1kb)",1,1185036,1197475,12440,1,"254173","ENST00000486379.1",632,"Promoter (<=1kb)"
"chr1",1231583,1231583,1,"*","TBP_peak_44",4.89945,"Promoter (<=1kb)",1,1227272,1231968,4697,2,"51150","ENST00000459994.2",385,"Promoter (<=1kb)"
"chr1",1232019,1232019,1,"*","TBP_peak_45",44.7846,"Promoter (<=1kb)",1,1216931,1232031,15101,2,"51150","ENST00000263741.12",12,"Promoter (<=1kb)"
"chr1",1273883,1273883,1,"*","TBP_peak_46",15.4577,"Promoter (<=1kb)",1,1255048,1273864,18817,2,"118424","ENST00000464036.5",-19,"Promoter (<=1kb)"
"chr1",1274134,1274134,1,"*","TBP_peak_47",9.61933,"Promoter (<=1kb)",1,1255048,1273864,18817,2,"118424","ENST00000464036.5",-270,"Promoter (<=1kb)"
"chr1",1291965,1291965,1,"*","TBP_peak_48",5.778,"3' UTR",1,1294499,1295008,510,2,"116983","ENST00000470659.1",3043,"3' UTR"
"chr1",1308064,1308064,1,"*","TBP_peak_49",6.42528,"Promoter (<=1kb)",1,1292391,1307930,15540,2,"116983","ENST00000354700.10",-134,"Promoter (<=1kb)"
"chr1",1308416,1308416,1,"*","TBP_peak_50",7.76881,"Promoter (<=1kb)",1,1308597,1311677,3081,1,"126789","ENST00000379031.10",-181,"Promoter (<=1kb)"
"chr1",1324585,1324585,1,"*","TBP_peak_51",8.16518,"Promoter (<=1kb)",1,1319470,1324603,5134,2,"54973","ENST00000470679.3",18,"Promoter (<=1kb)"
"chr1",1324930,1324930,1,"*","TBP_peak_52",7.15965,"Promoter (<=1kb)",1,1324802,1328896,4095,1,"80772","ENST00000343938.9",128,"Promoter (<=1kb)"
"chr1",1349398,1349398,1,"*","TBP_peak_53",12.2111,"Promoter (<=1kb)",1,1335278,1349418,14141,2,"1855","ENST00000378888.10",20,"Promoter (<=1kb)"
"chr1",1349752,1349752,1,"*","TBP_peak_54",3.08773,"Promoter (<=1kb)",1,1335278,1349418,14141,2,"1855","ENST00000378888.10",-334,"Promoter (<=1kb)"
"chr1",1358482,1358482,1,"*","TBP_peak_55",4.74086,"Promoter (<=1kb)",1,1352692,1358543,5852,2,"54587","ENST00000445648.5",61,"Promoter (<=1kb)"
"chr1",1358772,1358772,1,"*","TBP_peak_56",5.50017,"Promoter (<=1kb)",1,1352689,1358794,6106,2,"54587","ENST00000342753.8",22,"Promoter (<=1kb)"
"chr1",1375588,1375588,1,"*","TBP_peak_57",32.3939,"Promoter (<=1kb)",1,1373736,1375207,1472,2,"54998","ENST00000338338.10",-381,"Promoter (<=1kb)"
"chr1",1399339,1399339,1,"*","TBP_peak_58",29.148,"Promoter (<=1kb)",1,1385711,1399335,13625,2,"81669","ENST00000400809.8",-4,"Promoter (<=1kb)"
"chr1",1407315,1407315,1,"*","TBP_peak_59",85.8772,"Promoter (<=1kb)",1,1401909,1407293,5385,2,"55052","ENST00000344843.12",-22,"Promoter (<=1kb)"
"chr1",1435556,1435556,1,"*","TBP_peak_60",3.9965,"Promoter (<=1kb)",1,1435523,1440765,5243,1,"64856","ENST00000338660.5",33,"Promoter (<=1kb)"
"chr1",1441110,1441110,1,"*","TBP_peak_61",4.00619,"3' UTR",1,1435735,1437177,1443,1,"64856","ENST00000471398.1",5375,"3' UTR"
"chr1",1471730,1471730,1,"*","TBP_peak_62",9.01492,"Promoter (<=1kb)",1,1471765,1497848,26084,1,"83858","ENST00000673477.1",-35,"Promoter (<=1kb)"
"chr1",1505070,1505070,1,"*","TBP_peak_63",8.18503,"Promoter (<=1kb)",1,1505671,1509466,3796,1,"83858","ENST00000692936.1",-601,"Promoter (<=1kb)"
"chr1",1511309,1511309,1,"*","TBP_peak_64",4.57995,"Promoter (<=1kb)",1,1512162,1534685,22524,1,"55210","ENST00000378756.8",-853,"Promoter (<=1kb)"
"chr1",1511982,1511982,1,"*","TBP_peak_65",34.0379,"Promoter (<=1kb)",1,1512162,1534685,22524,1,"55210","ENST00000378756.8",-180,"Promoter (<=1kb)"
"chr1",1574941,1574941,1,"*","TBP_peak_66",65.3634,"Promoter (<=1kb)",1,1541673,1574863,33191,2,"29101","ENST00000291386.4",-78,"Promoter (<=1kb)"
"chr1",1614346,1614346,1,"*","TBP_peak_67",7.59286,"Promoter (1-2kb)",1,1615454,1630604,15151,1,"142678","ENST00000479659.5",-1108,"Promoter (1-2kb)"
"chr1",1615586,1615586,1,"*","TBP_peak_68",19.3708,"Promoter (<=1kb)",1,1615530,1625040,9511,1,"142678","ENST00000514363.1",56,"Promoter (<=1kb)"
"chr1",1659030,1659030,1,"*","TBP_peak_69",13.5726,"Promoter (<=1kb)",1,1635738,1659012,23275,2,"984","ENST00000629312.2",-18,"Promoter (<=1kb)"
"chr1",1692839,1692839,1,"*","TBP_peak_70",11.3305,"Promoter (<=1kb)",1,1661478,1692795,31318,2,"728661","ENST00000617444.5",-44,"Promoter (<=1kb)"
"chr1",1724425,1724425,1,"*","TBP_peak_71",29.3685,"Promoter (<=1kb)",1,1702379,1724357,21979,2,"728642","ENST00000404249.8",-68,"Promoter (<=1kb)"
"chr1",1746252,1746252,1,"*","TBP_peak_72",17.1113,"Promoter (<=1kb)",1,1732242,1745992,13751,2,"9906","ENST00000246421.4",-260,"Promoter (<=1kb)"
"chr1",1758938,1758938,1,"*","TBP_peak_73",12.0976,"Promoter (<=1kb)",1,1752471,1758575,6105,2,"65220","ENST00000342348.9",-363,"Promoter (<=1kb)"
"chr1",1778404,1778404,1,"*","TBP_peak_74",2.8394,"Promoter (<=1kb)",1,1756588,1778419,21832,2,"65220","ENST00000492768.5",15,"Promoter (<=1kb)"
"chr1",1778948,1778948,1,"*","TBP_peak_75",9.99245,"Promoter (<=1kb)",1,1751232,1778790,27559,2,"65220","ENST00000341991.7",-158,"Promoter (<=1kb)"
"chr1",1859352,1859352,1,"*","TBP_peak_76",6.34879,"Promoter (<=1kb)",1,1785434,1858772,73339,2,"2782","ENST00000703703.1",-580,"Promoter (<=1kb)"
"chr1",1883594,1883594,1,"*","TBP_peak_77",6.2077,"Intron (ENST00000610897.4/2782, intron 1 of 10)",1,1785312,1890091,104780,2,"2782","ENST00000703692.1",6497,"Other Intron"
"chr1",1889480,1889480,1,"*","TBP_peak_78",11.0619,"Promoter (<=1kb)",1,1785312,1890091,104780,2,"2782","ENST00000703692.1",611,"Promoter (<=1kb)"
"chr1",1889977,1889977,1,"*","TBP_peak_79",4.82789,"Promoter (<=1kb)",1,1785312,1890091,104780,2,"2782","ENST00000703692.1",114,"Promoter (<=1kb)"
"chr1",1891109,1891109,1,"*","TBP_peak_80",24.5819,"Promoter (<=1kb)",1,1785285,1891117,105833,2,"2782","ENST00000610897.4",8,"Promoter (<=1kb)"
"chr1",1891610,1891610,1,"*","TBP_peak_81",7.54507,"Promoter (<=1kb)",1,1891268,1892726,1459,1,"105378949","ENST00000702668.1",342,"Promoter (<=1kb)"
"chr1",1906392,1906392,1,"*","TBP_peak_82",10.3577,"Distal Intergenic",1,1915108,1917294,2187,1,"163688","ENST00000378604.3",-8716,"Distal Intergenic"
"chr1",1909068,1909068,1,"*","TBP_peak_83",17.5641,"Distal Intergenic",1,1915108,1917294,2187,1,"163688","ENST00000378604.3",-6040,"Distal Intergenic"
"chr1",1909365,1909365,1,"*","TBP_peak_84",29.048,"Distal Intergenic",1,1915108,1917294,2187,1,"163688","ENST00000378604.3",-5743,"Distal Intergenic"
"chr1",1919266,1919266,1,"*","TBP_peak_85",40.3573,"Promoter (<=1kb)",1,1918099,1919269,1171,2,"339456","ENST00000602604.1",3,"Promoter (<=1kb)"
"chr1",2003764,2003764,1,"*","TBP_peak_86",3.50258,"Promoter (<=1kb)",1,1921957,2003786,81830,2,"85452","ENST00000682832.2",22,"Promoter (<=1kb)"
"chr1",2046679,2046679,1,"*","TBP_peak_87",6.62254,"Promoter (2-3kb)",1,2049203,2049651,449,2,"105378591","ENST00000445600.1",2972,"Promoter (2-3kb)"
"chr1",2053412,2053412,1,"*","TBP_peak_88",9.12157,"Promoter (2-3kb)",1,2055441,2071536,16096,1,"5590","ENST00000479566.5",-2029,"Promoter (2-3kb)"
"chr1",2133347,2133347,1,"*","TBP_peak_89",6.12447,"Promoter (<=1kb)",1,2133638,2148924,15287,1,"5590","ENST00000471018.6",-291,"Promoter (<=1kb)"
"chr1",2175999,2175999,1,"*","TBP_peak_90",14.323,"Intron (ENST00000378567.8/5590, intron 16 of 17)",1,2168975,2173951,4977,1,"5590","ENST00000472017.1",7024,"Other Intron"
"chr1",2180579,2180579,1,"*","TBP_peak_91",16.3397,"Intron (ENST00000378567.8/5590, intron 16 of 17)",1,2181794,2183875,2082,2,"100506504","ENST00000333854.2",3296,"Other Intron"
"chr1",2189754,2189754,1,"*","TBP_peak_92",16.3735,"3' UTR",1,2189544,2194108,4565,2,"199990","ENST00000497675.2",4354,"3' UTR"
"chr1",2199499,2199499,1,"*","TBP_peak_93",29.683,"Promoter (<=1kb)",1,2189548,2199907,10360,2,"199990","ENST00000401813.7",408,"Promoter (<=1kb)"
"chr1",2204770,2204770,1,"*","TBP_peak_94",11.022,"Promoter (<=1kb)",1,2198063,2203882,5820,2,"199990","ENST00000514625.1",-888,"Promoter (<=1kb)"
"chr1",2205472,2205472,1,"*","TBP_peak_95",11.1819,"Promoter (1-2kb)",1,2198063,2203882,5820,2,"199990","ENST00000514625.1",-1590,"Promoter (1-2kb)"
"chr1",2212816,2212816,1,"*","TBP_peak_96",9.71314,"Promoter (<=1kb)",1,2189548,2212720,23173,2,"199990","ENST00000487186.5",-96,"Promoter (<=1kb)"
"chr1",2227634,2227634,1,"*","TBP_peak_97",6.54315,"Promoter (<=1kb)",1,2227388,2303908,76521,1,"6497","ENST00000704337.1",246,"Promoter (<=1kb)"
"chr1",2228036,2228036,1,"*","TBP_peak_98",59.2042,"Promoter (<=1kb)",1,2228319,2310213,81895,1,"6497","ENST00000378536.5",-283,"Promoter (<=1kb)"
"chr1",2275838,2275838,1,"*","TBP_peak_99",6.1936,"Intron (ENST00000704337.1/6497, intron 1 of 3)",1,2303646,2304368,723,1,"6497","ENST00000507179.1",-27808,"Other Intron"
"chr1",2291044,2291044,1,"*","TBP_peak_100",3.81851,"Intron (ENST00000704337.1/6497, intron 1 of 3)",1,2303646,2304368,723,1,"6497","ENST00000507179.1",-12602,"Other Intron"
"chr1",2381961,2381961,1,"*","TBP_peak_101",6.66709,"Intron (ENST00000378531.8/79906, intron 6 of 13)",1,2371676,2385121,13446,2,"79906","ENST00000419785.1",3160,"Other Intron"
"chr1",2391609,2391609,1,"*","TBP_peak_102",19.7699,"Promoter (<=1kb)",1,2321253,2391554,70302,2,"79906","ENST00000378531.8",-55,"Promoter (<=1kb)"
"chr1",2412580,2412580,1,"*","TBP_peak_103",5.07276,"Promoter (<=1kb)",1,2403974,2412564,8591,2,"5192","ENST00000447513.7",-16,"Promoter (<=1kb)"
"chr1",2412982,2412982,1,"*","TBP_peak_104",6.57287,"Promoter (<=1kb)",1,2403974,2412564,8591,2,"5192","ENST00000447513.7",-418,"Promoter (<=1kb)"
"chr1",2448266,2448266,1,"*","TBP_peak_105",4.36205,"Intron (ENST00000609981.5/9651, intron 2 of 3)",1,2467459,2505526,38068,1,"9651","ENST00000449969.5",-19193,"Other Intron"
"chr1",2475799,2475799,1,"*","TBP_peak_106",13.5726,"Promoter (<=1kb)",1,2476289,2505532,29244,1,"9651","ENST00000378486.8",-490,"Promoter (<=1kb)"
"chr1",2526253,2526253,1,"*","TBP_peak_107",3.97475,"Promoter (<=1kb)",1,2521261,2526187,4927,2,"55229","ENST00000491212.1",-66,"Promoter (<=1kb)"
"chr1",2526551,2526551,1,"*","TBP_peak_108",65.897,"Promoter (<=1kb)",1,2519204,2526575,7372,2,"55229","ENST00000486396.1",24,"Promoter (<=1kb)"
"chr1",2541785,2541785,1,"*","TBP_peak_109",4.58878,"Intron (ENST00000644246.1/ENST00000644246.1, intron 1 of 1)",1,2550074,2551598,1525,2,"115110","ENST00000448624.2",9813,"Other Intron"
"chr1",2546086,2546086,1,"*","TBP_peak_110",6.37789,"Exon (ENST00000644246.1/ENST00000644246.1, exon 2 of 2)",1,2550074,2551598,1525,2,"115110","ENST00000448624.2",5512,"Other Exon"
"chr1",2546379,2546379,1,"*","TBP_peak_111",14.1962,"Exon (ENST00000644246.1/ENST00000644246.1, exon 2 of 2)",1,2550074,2551598,1525,2,"115110","ENST00000448624.2",5219,"Other Exon"
"chr1",2585980,2585980,1,"*","TBP_peak_112",20.6673,"Promoter (<=1kb)",1,2586491,2589632,3142,1,"127281","ENST00000493183.5",-511,"Promoter (<=1kb)"
"chr1",2586442,2586442,1,"*","TBP_peak_113",7.9882,"Promoter (<=1kb)",1,2586491,2589632,3142,1,"127281","ENST00000493183.5",-49,"Promoter (<=1kb)"
"chr1",3320103,3320103,1,"*","TBP_peak_114",5.26065,"Intron (ENST00000511072.5/63976, intron 3 of 15)",1,3313052,3323149,10098,2,"105378604","ENST00000669140.1",3046,"Other Intron"
"chr1",3453270,3453270,1,"*","TBP_peak_115",5.17005,"Promoter (1-2kb)",1,3454665,3481113,26449,1,"27237","ENST00000378378.9",-1395,"Promoter (1-2kb)"
"chr1",3491403,3491403,1,"*","TBP_peak_116",9.00427,"Promoter (2-3kb)",1,3490312,3493486,3175,2,"1953","ENST00000494257.1",2083,"Promoter (2-3kb)"
"chr1",3533647,3533647,1,"*","TBP_peak_117",11.1831,"Promoter (2-3kb)",1,3489920,3531448,41529,2,"1953","ENST00000294599.8",-2199,"Promoter (2-3kb)"
"chr1",3575722,3575722,1,"*","TBP_peak_118",8.16072,"Intron (ENST00000356575.9/1953, intron 4 of 36)",1,3560695,3560790,96,2,"693135","ENST00000385042.1",-14932,"Other Intron"
"chr1",3619164,3619164,1,"*","TBP_peak_119",8.2379,"Distal Intergenic",1,3622859,3624750,1892,2,"1953","ENST00000702520.1",5586,"Distal Intergenic"
"chr1",3625042,3625042,1,"*","TBP_peak_120",3.48929,"Promoter (<=1kb)",1,3625050,3630127,5078,1,"127262","ENST00000344579.5",-8,"Promoter (<=1kb)"
"chr1",3625794,3625794,1,"*","TBP_peak_121",9.40746,"Promoter (<=1kb)",1,3625050,3630127,5078,1,"127262","ENST00000344579.5",744,"Promoter (<=1kb)"
"chr1",3650059,3650059,1,"*","TBP_peak_122",17.9144,"Promoter (<=1kb)",1,3630767,3650058,19292,2,"49856","ENST00000378322.7",-1,"Promoter (<=1kb)"
"chr1",3724687,3724687,1,"*","TBP_peak_123",4.36205,"Promoter (2-3kb)",1,3727478,3733367,5890,1,"7161","ENST00000604566.1",-2791,"Promoter (2-3kb)"
"chr1",3747339,3747339,1,"*","TBP_peak_124",14.5031,"Promoter (<=1kb)",1,3736193,3747336,11144,2,"57212","ENST00000647831.1",-3,"Promoter (<=1kb)"
"chr1",3774996,3774996,1,"*","TBP_peak_125",19.3251,"Promoter (2-3kb)",1,3772825,3775388,2564,1,"388588","ENST00000452264.1",2171,"Promoter (2-3kb)"
"chr1",3785602,3785602,1,"*","TBP_peak_126",4.85915,"Promoter (1-2kb)",1,3781135,3784175,3041,2,"57470","ENST00000462356.5",-1427,"Promoter (1-2kb)"
"chr1",3793890,3793890,1,"*","TBP_peak_127",68.421,"Promoter (2-3kb)",1,3778559,3796498,17940,2,"57470","ENST00000378251.3",2608,"Promoter (2-3kb)"
"chr1",3796544,3796544,1,"*","TBP_peak_128",26.9871,"Promoter (<=1kb)",1,3778559,3796498,17940,2,"57470","ENST00000378251.3",-46,"Promoter (<=1kb)"
"chr1",3804117,3804117,1,"*","TBP_peak_129",9.33215,"Distal Intergenic",1,3778559,3796498,17940,2,"57470","ENST00000378251.3",-7619,"Distal Intergenic"
"chr1",3804700,3804700,1,"*","TBP_peak_130",7.69918,"Distal Intergenic",1,3778559,3796498,17940,2,"57470","ENST00000378251.3",-8202,"Distal Intergenic"
"chr1",3857306,3857306,1,"*","TBP_peak_131",14.2257,"Promoter (<=1kb)",1,3857281,3885429,28149,1,"1677","ENST00000491998.5",25,"Promoter (<=1kb)"
"chr1",3870100,3870100,1,"*","TBP_peak_132",13.0686,"Promoter (2-3kb)",1,3867663,3872545,4883,1,"1677","ENST00000481945.1",2437,"Promoter (2-3kb)"
"chr1",3881605,3881605,1,"*","TBP_peak_133",8.69224,"Promoter (1-2kb)",1,3883507,3885429,1923,1,"1677","ENST00000461150.1",-1902,"Promoter (1-2kb)"
"chr1",3900464,3900464,1,"*","TBP_peak_134",42.793,"Promoter (<=1kb)",1,3900437,3906036,5600,1,"100133612","ENST00000693306.1",27,"Promoter (<=1kb)"
"chr1",3976122,3976122,1,"*","TBP_peak_135",79.9605,"Distal Intergenic",1,3947144,3949024,1881,2,"105376672","ENST00000671015.1",-27098,"Distal Intergenic"
"chr1",4007270,4007270,1,"*","TBP_peak_136",16.838,"Intron (ENST00000642026.2/ENST00000642026.2, intron 2 of 2)",1,3947144,3949024,1881,2,"105376672","ENST00000671015.1",-58246,"Other Intron"
"chr1",4144723,4144723,1,"*","TBP_peak_137",4.36205,"Distal Intergenic",1,3947144,3949024,1881,2,"105376672","ENST00000671015.1",-195699,"Distal Intergenic"
"chr1",4303120,4303120,1,"*","TBP_peak_138",19.5619,"Distal Intergenic",1,4412027,4424689,12663,1,"284661","ENST00000635002.1",-108907,"Distal Intergenic"
"chr1",5539503,5539503,1,"*","TBP_peak_139",7.15965,"Distal Intergenic",1,5489795,5493057,3263,2,"105376686","ENST00000641860.1",-46446,"Distal Intergenic"
"chr1",5893408,5893408,1,"*","TBP_peak_140",4.11991,"Intron (ENST00000478423.6/261734, intron 12 of 25)",1,5876879,5882849,5971,2,"261734","ENST00000470763.1",-10559,"Other Intron"
"chr1",5917908,5917908,1,"*","TBP_peak_141",77.5284,"Intron (ENST00000478423.6/261734, intron 9 of 25)",1,5886495,5905324,18830,2,"261734","ENST00000466897.1",-12584,"Other Intron"
"chr1",5992430,5992430,1,"*","TBP_peak_142",13.7728,"Promoter (<=1kb)",1,5862811,5992425,129615,2,"261734","ENST00000378156.9",-5,"Promoter (<=1kb)"
"chr1",6007131,6007131,1,"*","TBP_peak_143",2.72186,"Intron (ENST00000655548.1/8514, intron 1 of 9)",1,5992760,6086371,93612,1,"8514","ENST00000462676.3",14371,"Other Intron"
"chr1",6007538,6007538,1,"*","TBP_peak_144",5.36148,"Exon (ENST00000493807.2/8514, exon 3 of 3)",1,5992760,6086371,93612,1,"8514","ENST00000462676.3",14778,"Other Exon"
"chr1",6052734,6052734,1,"*","TBP_peak_145",5.80471,"Intron (ENST00000655548.1/8514, intron 3 of 9)",1,6046114,6098855,52742,1,"8514","ENST00000458166.6",6620,"Other Intron"
"chr1",6127752,6127752,1,"*","TBP_peak_146",8.89093,"Promoter (<=1kb)",1,6125534,6128542,3009,2,"26038","ENST00000491020.1",790,"Promoter (<=1kb)"
"chr1",6199632,6199632,1,"*","TBP_peak_147",132.705,"Promoter (<=1kb)",1,6185020,6199595,14576,2,"6146","ENST00000234875.9",-37,"Promoter (<=1kb)"
"chr1",6205005,6205005,1,"*","TBP_peak_148",4.03072,"Promoter (<=1kb)",1,6205475,6208307,2833,1,"388591","ENST00000466994.5",-470,"Promoter (<=1kb)"
"chr1",6205316,6205316,1,"*","TBP_peak_149",13.6996,"Promoter (<=1kb)",1,6205475,6208307,2833,1,"388591","ENST00000466994.5",-159,"Promoter (<=1kb)"
"chr1",6206021,6206021,1,"*","TBP_peak_150",7.33223,"Promoter (<=1kb)",1,6206119,6221299,15181,1,"388591","ENST00000377939.5",-98,"Promoter (<=1kb)"
"chr1",6208851,6208851,1,"*","TBP_peak_151",6.47776,"Promoter (<=1kb)",1,6208860,6220805,11946,1,"388591","ENST00000496676.5",-9,"Promoter (<=1kb)"
"chr1",6209470,6209470,1,"*","TBP_peak_152",5.89,"Promoter (<=1kb)",1,6192930,6209389,16460,2,"6146","ENST00000465335.1",-81,"Promoter (<=1kb)"
"chr1",6235942,6235942,1,"*","TBP_peak_153",39.033,"Promoter (<=1kb)",1,6221193,6235964,14772,2,"23463","ENST00000343813.10",22,"Promoter (<=1kb)"
"chr1",6236259,6236259,1,"*","TBP_peak_154",15.1054,"Promoter (<=1kb)",1,6236240,6238940,2701,1,"148645","ENST00000441724.1",19,"Promoter (<=1kb)"
"chr1",6245218,6245218,1,"*","TBP_peak_155",9.12065,"Promoter (1-2kb)",1,6244179,6245578,1400,1,"390992","ENST00000706530.1",1039,"Promoter (1-2kb)"
"chr1",6246917,6246917,1,"*","TBP_peak_156",4.85883,"Promoter (2-3kb)",1,6244179,6245578,1400,1,"390992","ENST00000706530.1",2738,"Promoter (2-3kb)"
"chr1",6261569,6261569,1,"*","TBP_peak_157",4.17866,"Promoter (<=1kb)",1,6247353,6261098,13746,2,"387509","ENST00000377893.3",-471,"Promoter (<=1kb)"
"chr1",6343567,6343567,1,"*","TBP_peak_158",8.2379,"Intron (ENST00000608083.5/11332, intron 2 of 8)",1,6281130,6352249,71120,2,"11332","ENST00000473466.2",8682,"Other Intron"
"chr1",6393386,6393386,1,"*","TBP_peak_159",38.4817,"Promoter (<=1kb)",1,6264273,6393361,129089,2,"11332","ENST00000418124.5",-25,"Promoter (<=1kb)"
"chr1",6393776,6393776,1,"*","TBP_peak_160",22.2621,"Promoter (<=1kb)",1,6264272,6393767,129496,2,"11332","ENST00000361521.9",-9,"Promoter (<=1kb)"
"chr1",6395376,6395376,1,"*","TBP_peak_161",8.71012,"Promoter (1-2kb)",1,6264272,6393767,129496,2,"11332","ENST00000361521.9",-1609,"Promoter (1-2kb)"
"chr1",6404830,6404830,1,"*","TBP_peak_162",7.20789,"Distal Intergenic",1,6264272,6393767,129496,2,"11332","ENST00000361521.9",-11063,"Distal Intergenic"
"chr1",6438183,6438183,1,"*","TBP_peak_163",4.27479,"Promoter (<=1kb)",1,6437568,6440822,3255,1,"83715","ENST00000632142.1",615,"Promoter (<=1kb)"
"chr1",6486681,6486681,1,"*","TBP_peak_164",5.95821,"Promoter (<=1kb)",1,6475082,6485954,10873,2,"57449","ENST00000675655.1",-727,"Promoter (<=1kb)"
"chr1",6490067,6490067,1,"*","TBP_peak_165",3.96713,"Promoter (<=1kb)",1,6467122,6490570,23449,2,"57449","ENST00000377725.5",503,"Promoter (<=1kb)"
"chr1",6554513,6554513,1,"*","TBP_peak_166",87.1881,"Promoter (<=1kb)",1,6521347,6554513,33167,2,"79707","ENST00000377705.6",0,"Promoter (<=1kb)"
"chr1",6580008,6580008,1,"*","TBP_peak_167",29.4125,"Promoter (<=1kb)",1,6580001,6582299,2299,1,"3104","ENST00000319084.9",7,"Promoter (<=1kb)"
"chr1",6601311,6601311,1,"*","TBP_peak_168",4.11664,"Promoter (1-2kb)",1,6593381,6599816,6436,2,"9903","ENST00000496707.5",-1495,"Promoter (1-2kb)"
"chr1",6602836,6602836,1,"*","TBP_peak_169",75.1772,"Promoter (<=1kb)",1,6590724,6602869,12146,2,"9903","ENST00000377658.8",33,"Promoter (<=1kb)"
"chr1",6603520,6603520,1,"*","TBP_peak_170",5.82143,"Promoter (<=1kb)",1,6590724,6603001,12278,2,"9903","ENST00000377663.3",-519,"Promoter (<=1kb)"
"chr1",6604056,6604056,1,"*","TBP_peak_171",3.18438,"Promoter (1-2kb)",1,6590724,6603001,12278,2,"9903","ENST00000377663.3",-1055,"Promoter (1-2kb)"
"chr1",6613122,6613122,1,"*","TBP_peak_172",2.90297,"Promoter (<=1kb)",1,6613731,6624030,10300,1,"148479","ENST00000377648.5",-609,"Promoter (<=1kb)"
"chr1",6613535,6613535,1,"*","TBP_peak_173",6.91592,"Promoter (<=1kb)",1,6613731,6624030,10300,1,"148479","ENST00000377648.5",-196,"Promoter (<=1kb)"
"chr1",6625190,6625190,1,"*","TBP_peak_174",8.42777,"Promoter (<=1kb)",1,6625192,6635586,10395,1,"90326","ENST00000377627.7",-2,"Promoter (<=1kb)"
"chr1",6646668,6646668,1,"*","TBP_peak_175",4.46389,"Promoter (<=1kb)",1,6634186,6646956,12771,2,"55735","ENST00000685360.1",288,"Promoter (<=1kb)"
"chr1",6701847,6701847,1,"*","TBP_peak_176",93.5311,"Promoter (<=1kb)",1,6654108,6701823,47716,2,"55735","ENST00000460594.5",-24,"Promoter (<=1kb)"
"chr1",6727632,6727632,1,"*","TBP_peak_177",4.04171,"Promoter (2-3kb)",1,6724673,6729993,5321,1,"100505887","ENST00000654537.1",2959,"Promoter (2-3kb)"
"chr1",6739238,6739238,1,"*","TBP_peak_178",69.615,"Distal Intergenic",1,6724673,6729993,5321,1,"100505887","ENST00000654537.1",14565,"Distal Intergenic"
"chr1",6785006,6785006,1,"*","TBP_peak_179",38.2396,"Promoter (<=1kb)",1,6783892,6784843,952,2,"110841581","ENST00000442889.1",-163,"Promoter (<=1kb)"
"chr1",6963464,6963464,1,"*","TBP_peak_180",1.99074,"Intron (ENST00000303635.12/23261, intron 3 of 22)",1,7008376,7014279,5904,2,"127138864","ENST00000456701.1",50815,"Other Intron"
"chr1",7335140,7335140,1,"*","TBP_peak_181",7.15965,"Intron (ENST00000303635.12/23261, intron 5 of 22)",1,7368942,7370270,1329,1,"23261","ENST00000427317.1",-33802,"Other Intron"
"chr1",7704612,7704612,1,"*","TBP_peak_182",6.43791,"Promoter (<=1kb)",1,7704716,7762985,58270,1,"23261","ENST00000710284.1",-104,"Promoter (<=1kb)"
"chr1",7761073,7761073,1,"*","TBP_peak_183",11.8375,"3' UTR",1,7751306,7767815,16510,1,"23261","ENST00000700449.1",9767,"3' UTR"
"chr1",7771077,7771077,1,"*","TBP_peak_184",18.9549,"Promoter (<=1kb)",1,7771296,7781432,10137,1,"9341","ENST00000054666.11",-219,"Promoter (<=1kb)"
"chr1",7784167,7784167,1,"*","TBP_peak_185",79.0983,"Promoter (<=1kb)",1,7784291,7845177,60887,1,"8863","ENST00000377532.8",-124,"Promoter (<=1kb)"
"chr1",7827696,7827696,1,"*","TBP_peak_186",10.552,"Promoter (<=1kb)",1,7810242,7827342,17101,2,"124903833","ENST00000451646.1",-354,"Promoter (<=1kb)"
"chr1",7849525,7849525,1,"*","TBP_peak_187",9.1865,"Intron (ENST00000377516.6/10911, intron 4 of 6)",1,7847612,7853065,5454,2,"10911","ENST00000361696.10",3540,"Other Intron"
"chr1",7902885,7902885,1,"*","TBP_peak_188",4.32305,"Distal Intergenic",1,7921800,7935100,13301,2,"3604","ENST00000474475.1",32215,"Distal Intergenic"
"chr1",7954236,7954236,1,"*","TBP_peak_189",34.2649,"Promoter (<=1kb)",1,7954291,7985052,30762,1,"11315","ENST00000493373.5",-55,"Promoter (<=1kb)"
"chr1",7961512,7961512,1,"*","TBP_peak_190",206.466,"Promoter (<=1kb)",1,7961663,7971048,9386,1,"11315","ENST00000460192.5",-151,"Promoter (<=1kb)"
"chr1",7982535,7982535,1,"*","TBP_peak_191",4.32305,"Intron (ENST00000493373.5/11315, intron 6 of 6)",1,7991134,8005312,14179,1,"124903834","ENST00000641354.1",-8599,"Other Intron"
"chr1",8004917,8004917,1,"*","TBP_peak_192",11.1399,"Exon (ENST00000641354.1/124903834, exon 6 of 6)",1,7999540,8002961,3422,1,"124903834","ENST00000642135.1",5377,"Other Exon"
"chr1",8015181,8015181,1,"*","TBP_peak_193",5.26065,"Promoter (<=1kb)",1,8013427,8015633,2207,2,"54206","ENST00000467067.1",452,"Promoter (<=1kb)"
"chr1",8026329,8026329,1,"*","TBP_peak_194",98.4054,"Promoter (<=1kb)",1,8011727,8026309,14583,2,"54206","ENST00000377482.10",-20,"Promoter (<=1kb)"
"chr1",8104733,8104733,1,"*","TBP_peak_195",6.89157,"Intron (ENST00000445300.1/121832806, intron 2 of 2)",1,8026738,8122702,95965,1,"121832806","ENST00000445300.1",77995,"Other Intron"
"chr1",8122663,8122663,1,"*","TBP_peak_196",4.39526,"Exon (ENST00000445300.1/121832806, exon 3 of 3)",1,8201518,8215207,13690,1,"102724539","ENST00000670361.1",-78855,"Other Exon"
"chr1",8122791,8122791,1,"*","TBP_peak_197",7.48403,"Downstream (<=300bp)",1,8201518,8215207,13690,1,"102724539","ENST00000670361.1",-78727,"Downstream (<=300)"
"chr1",8409264,8409264,1,"*","TBP_peak_198",4.19907,"Intron (ENST00000337907.7/473, intron 13 of 23)",1,8365855,8423419,57565,2,"473","ENST00000460659.5",14155,"Other Intron"
"chr1",8424062,8424062,1,"*","TBP_peak_199",4.75834,"Promoter (<=1kb)",1,8352410,8424234,71825,2,"473","ENST00000465125.2",172,"Promoter (<=1kb)"
"chr1",8525947,8525947,1,"*","TBP_peak_200",9.25375,"Promoter (<=1kb)",1,8352406,8525939,173534,2,"473","ENST00000377464.5",-8,"Promoter (<=1kb)"
"chr1",8542342,8542342,1,"*","TBP_peak_201",13.1994,"Intron (ENST00000337907.7/473, intron 7 of 23)",1,8495151,8526039,30889,2,"473","ENST00000507012.1",-16303,"Other Intron"
"chr1",8611773,8611773,1,"*","TBP_peak_202",4.36205,"Intron (ENST00000337907.7/473, intron 5 of 23)",1,8556476,8624380,67905,2,"473","ENST00000514428.1",12607,"Other Intron"
"chr1",8703431,8703431,1,"*","TBP_peak_203",45.6491,"Promoter (<=1kb)",1,8656193,8703219,47027,2,"473","ENST00000468247.1",-212,"Promoter (<=1kb)"
"chr1",8789499,8789499,1,"*","TBP_peak_204",30.002,"Intron (ENST00000337907.7/473, intron 2 of 23)",1,8436770,8817271,380502,2,"473","ENST00000659924.1",27772,"Other Intron"
"chr1",8792868,8792868,1,"*","TBP_peak_205",11.6359,"Intron (ENST00000337907.7/473, intron 1 of 23)",1,8436770,8817271,380502,2,"473","ENST00000659924.1",24403,"Other Intron"
"chr1",8797010,8797010,1,"*","TBP_peak_206",6.78481,"Intron (ENST00000337907.7/473, intron 1 of 23)",1,8436770,8817271,380502,2,"473","ENST00000659924.1",20261,"Other Intron"
"chr1",8817692,8817692,1,"*","TBP_peak_207",88.874,"Promoter (<=1kb)",1,8352404,8817640,465237,2,"473","ENST00000400908.7",-52,"Promoter (<=1kb)"
"chr1",8878065,8878065,1,"*","TBP_peak_208",71.6534,"Promoter (<=1kb)",1,8867184,8878033,10850,2,"2023","ENST00000646906.1",-32,"Promoter (<=1kb)"
"chr1",8878688,8878688,1,"*","TBP_peak_209",139.986,"Promoter (<=1kb)",1,8870172,8878688,8517,2,"2023","ENST00000486051.5",0,"Promoter (<=1kb)"
"chr1",8900032,8900032,1,"*","TBP_peak_210",20.3393,"Distal Intergenic",1,8868049,8879190,11142,2,"2023","ENST00000489867.2",-20842,"Distal Intergenic"
"chr1",8907776,8907776,1,"*","TBP_peak_211",4.69657,"Distal Intergenic",1,8868049,8879190,11142,2,"2023","ENST00000489867.2",-28586,"Distal Intergenic"
"chr1",9009729,9009729,1,"*","TBP_peak_212",35.3155,"Intron (ENST00000400906.2/155184, intron 9 of 11)",1,9002973,9026423,23451,2,"155184","ENST00000400906.2",16694,"Other Intron"
"chr1",9110961,9110961,1,"*","TBP_peak_213",4.36205,"Promoter (<=1kb)",1,9104532,9111370,6839,2,"80045","ENST00000465853.1",409,"Promoter (<=1kb)"
"chr1",9129026,9129026,1,"*","TBP_peak_214",2.8394,"Promoter (<=1kb)",1,9100305,9129102,28798,2,"80045","ENST00000377411.5",76,"Promoter (<=1kb)"
"chr1",9234418,9234418,1,"*","TBP_peak_215",13.2697,"Promoter (<=1kb)",1,9234774,9271337,36564,1,"9563","ENST00000377403.7",-356,"Promoter (<=1kb)"
"chr1",9234850,9234850,1,"*","TBP_peak_216",18.1115,"Promoter (<=1kb)",1,9234774,9271337,36564,1,"9563","ENST00000377403.7",76,"Promoter (<=1kb)"
"chr1",9267315,9267315,1,"*","TBP_peak_217",5.99773,"3' UTR",1,9292894,9369532,76639,1,"80176","ENST00000328089.11",-25579,"3' UTR"
"chr1",9292916,9292916,1,"*","TBP_peak_218",8.31682,"Promoter (<=1kb)",1,9292894,9369532,76639,1,"80176","ENST00000328089.11",22,"Promoter (<=1kb)"
"chr1",9300419,9300419,1,"*","TBP_peak_219",2.80925,"Intron (ENST00000328089.11/80176, intron 1 of 2)",1,9294528,9356497,61970,1,"80176","ENST00000450402.1",5891,"Other Intron"
"chr1",9411263,9411263,1,"*","TBP_peak_220",8.16072,"Distal Intergenic",1,9426975,9428916,1942,2,"100506022","ENST00000641507.1",17653,"Distal Intergenic"
"chr1",9428922,9428922,1,"*","TBP_peak_221",11.3026,"Promoter (<=1kb)",1,9426975,9428916,1942,2,"100506022","ENST00000641507.1",-6,"Promoter (<=1kb)"
"chr1",9491229,9491229,1,"*","TBP_peak_222",4.60265,"Distal Intergenic",1,9539465,9585173,45709,1,"84275","ENST00000302692.7",-48236,"Distal Intergenic"
"chr1",9495364,9495364,1,"*","TBP_peak_223",6.23799,"Distal Intergenic",1,9539465,9585173,45709,1,"84275","ENST00000302692.7",-44101,"Distal Intergenic"
"chr1",9519459,9519459,1,"*","TBP_peak_224",5.94908,"Distal Intergenic",1,9539465,9585173,45709,1,"84275","ENST00000302692.7",-20006,"Distal Intergenic"
"chr1",9529462,9529462,1,"*","TBP_peak_225",4.54039,"Distal Intergenic",1,9539465,9585173,45709,1,"84275","ENST00000302692.7",-10003,"Distal Intergenic"
"chr1",9539475,9539475,1,"*","TBP_peak_226",79.5613,"Promoter (<=1kb)",1,9539465,9585173,45709,1,"84275","ENST00000302692.7",10,"Promoter (<=1kb)"
"chr1",9588759,9588759,1,"*","TBP_peak_227",20.5396,"Promoter (<=1kb)",1,9588911,9614877,25967,1,"199953","ENST00000340381.11",-152,"Promoter (<=1kb)"
"chr1",9615838,9615838,1,"*","TBP_peak_228",3.81851,"Distal Intergenic",1,9607728,9613247,5520,1,"199953","ENST00000508400.1",8110,"Distal Intergenic"
"chr1",9627180,9627180,1,"*","TBP_peak_229",28.6043,"Promoter (2-3kb)",1,9629889,9715673,85785,1,"5293","ENST00000698706.1",-2709,"Promoter (2-3kb)"
"chr1",9651754,9651754,1,"*","TBP_peak_230",4.49875,"Promoter (<=1kb)",1,9651750,9716670,64921,1,"5293","ENST00000698711.1",4,"Promoter (<=1kb)"
"chr1",9657940,9657940,1,"*","TBP_peak_231",6.89672,"Intron (ENST00000698706.1/5293, intron 2 of 4)",1,9652610,9654586,1977,2,"644997","ENST00000377320.3",-3354,"Other Intron"
"chr1",9662302,9662302,1,"*","TBP_peak_232",43.3769,"Exon (ENST00000426570.3/ENST00000426570.3, exon 1 of 2)",1,9652610,9654586,1977,2,"644997","ENST00000377320.3",-7716,"Other Exon"
"chr1",9687264,9687264,1,"*","TBP_peak_233",6.16501,"Promoter (<=1kb)",1,9672405,9687583,15179,2,"101929074","ENST00000415330.4",319,"Promoter (<=1kb)"
"chr1",9717679,9717679,1,"*","TBP_peak_234",31.0971,"Promoter (<=1kb)",1,9717496,9720642,3147,1,"5293","ENST00000698786.1",183,"Promoter (<=1kb)"
"chr1",9719270,9719270,1,"*","TBP_peak_235",22.9637,"Promoter (<=1kb)",1,9718850,9720545,1696,1,"5293","ENST00000698787.1",420,"Promoter (<=1kb)"
"chr1",9725200,9725200,1,"*","TBP_peak_236",9.01492,"Intron (ENST00000481137.2/5293, intron 23 of 23)",1,9721136,9728906,7771,1,"5293","ENST00000698719.1",4064,"Other Intron"
"chr1",9759574,9759574,1,"*","TBP_peak_237",8.31682,"Intron (ENST00000377298.9/22883, intron 2 of 18)",1,9729028,9751581,22554,2,"22883","ENST00000435891.5",-7993,"Other Intron"
"chr1",9774836,9774836,1,"*","TBP_peak_238",14.325,"Intron (ENST00000377298.9/22883, intron 1 of 18)",1,9729028,9751581,22554,2,"22883","ENST00000435891.5",-23255,"Other Intron"
"chr1",9784680,9784680,1,"*","TBP_peak_239",5.26065,"Intron (ENST00000377298.9/22883, intron 1 of 18)",1,9729028,9751581,22554,2,"22883","ENST00000435891.5",-33099,"Other Intron"
"chr1",9823864,9823864,1,"*","TBP_peak_240",12.447,"Promoter (<=1kb)",1,9728926,9823965,95040,2,"22883","ENST00000377298.9",101,"Promoter (<=1kb)"
"chr1",9910704,9910704,1,"*","TBP_peak_241",32.6685,"Promoter (<=1kb)",1,9850109,9910336,60228,2,"56998","ENST00000400904.7",-368,"Promoter (<=1kb)"
"chr1",9929564,9929564,1,"*","TBP_peak_242",14.3299,"Promoter (2-3kb)",1,9930261,9932180,1920,2,"84328","ENST00000471853.1",2616,"Promoter (2-3kb)"
"chr1",9943478,9943478,1,"*","TBP_peak_243",130.525,"Promoter (<=1kb)",1,9943475,9985498,42024,1,"64802","ENST00000377205.6",3,"Promoter (<=1kb)"
"chr1",9950537,9950537,1,"*","TBP_peak_244",9.6546,"Intron (ENST00000403197.5/64802, intron 1 of 4)",1,9943488,9972503,29016,1,"64802","ENST00000492735.1",7049,"Other Intron"
