chrom,summit_coordinate,name,score
chr1,10180,TBP_peak_1,6.1936
chr1,32759,TBP_peak_2,5.41164
chr1,36526,TBP_peak_3,88.4997
chr1,38729,TBP_peak_4,8.82442
chr1,69259,TBP_peak_5,7.54076
chr1,115740,TBP_peak_6,12.4375
chr1,199914,TBP_peak_7,7.15965
chr1,207031,TBP_peak_8,26.0051
chr1,348298,TBP_peak_9,10.245
chr1,629764,TBP_peak_10,38.0117
chr1,630353,TBP_peak_11,21.5012
chr1,631237,TBP_peak_12,25.22
chr1,632251,TBP_peak_13,34.9144
chr1,632839,TBP_peak_14,15.4432
chr1,633482,TBP_peak_15,12.9869
chr1,634045,TBP_peak_16,31.9525
chr1,778671,TBP_peak_17,66.5671
chr1,789888,TBP_peak_18,3.48929
chr1,790820,TBP_peak_19,4.82636
chr1,812731,TBP_peak_20,5.99773
chr1,827724,TBP_peak_21,26.0886
chr1,842990,TBP_peak_22,3.74711
chr1,889661,TBP_peak_23,9.1865
chr1,904806,TBP_peak_24,67.9417
chr1,921246,TBP_peak_25,9.45465
chr1,959208,TBP_peak_26,25.6426
chr1,960547,TBP_peak_27,7.23635
chr1,966882,TBP_peak_28,9.01492
chr1,1000132,TBP_peak_29,45.2323
chr1,1001002,TBP_peak_30,5.62088
chr1,1001939,TBP_peak_31,20.3044
chr1,1013410,TBP_peak_32,19.317
chr1,1017605,TBP_peak_33,9.80913
chr1,1019680,TBP_peak_34,5.11091
chr1,1033151,TBP_peak_35,9.17212
chr1,1040784,TBP_peak_36,11.4871
chr1,1059574,TBP_peak_37,14.1723
chr1,1069239,TBP_peak_38,8.12575
chr1,1074307,TBP_peak_39,6.73838
chr1,1109974,TBP_peak_40,7.84653
chr1,1116371,TBP_peak_41,12.7007
chr1,1157614,TBP_peak_42,15.2706
chr1,1185668,TBP_peak_43,11.0969
chr1,1231583,TBP_peak_44,4.89945
chr1,1232019,TBP_peak_45,44.7846
chr1,1273883,TBP_peak_46,15.4577
chr1,1274134,TBP_peak_47,9.61933
chr1,1291965,TBP_peak_48,5.778
chr1,1308064,TBP_peak_49,6.42528
chr1,1308416,TBP_peak_50,7.76881
chr1,1324585,TBP_peak_51,8.16518
chr1,1324930,TBP_peak_52,7.15965
chr1,1349398,TBP_peak_53,12.2111
chr1,1349752,TBP_peak_54,3.08773
chr1,1358482,TBP_peak_55,4.74086
chr1,1358772,TBP_peak_56,5.50017
chr1,1375588,TBP_peak_57,32.3939
chr1,1399339,TBP_peak_58,29.148
chr1,1407315,TBP_peak_59,85.8772
chr1,1435556,TBP_peak_60,3.9965
chr1,1441110,TBP_peak_61,4.00619
chr1,1471730,TBP_peak_62,9.01492
chr1,1505070,TBP_peak_63,8.18503
chr1,1511309,TBP_peak_64,4.57995
chr1,1511982,TBP_peak_65,34.0379
chr1,1574941,TBP_peak_66,65.3634
chr1,1614346,TBP_peak_67,7.59286
chr1,1615586,TBP_peak_68,19.3708
chr1,1659030,TBP_peak_69,13.5726
chr1,1692839,TBP_peak_70,11.3305
chr1,1724425,TBP_peak_71,29.3685
chr1,1746252,TBP_peak_72,17.1113
chr1,1758938,TBP_peak_73,12.0976
chr1,1778404,TBP_peak_74,2.8394
chr1,1778948,TBP_peak_75,9.99245
chr1,1859352,TBP_peak_76,6.34879
chr1,1883594,TBP_peak_77,6.2077
chr1,1889480,TBP_peak_78,11.0619
chr1,1889977,TBP_peak_79,4.82789
chr1,1891109,TBP_peak_80,24.5819
chr1,1891610,TBP_peak_81,7.54507
chr1,1906392,TBP_peak_82,10.3577
chr1,1909068,TBP_peak_83,17.5641
chr1,1909365,TBP_peak_84,29.048
chr1,1919266,TBP_peak_85,40.3573
chr1,2003764,TBP_peak_86,3.50258
chr1,2046679,TBP_peak_87,6.62254
chr1,2053412,TBP_peak_88,9.12157
chr1,2133347,TBP_peak_89,6.12447
chr1,2175999,TBP_peak_90,14.323
chr1,2180579,TBP_peak_91,16.3397
chr1,2189754,TBP_peak_92,16.3735
chr1,2199499,TBP_peak_93,29.683
chr1,2204770,TBP_peak_94,11.022
chr1,2205472,TBP_peak_95,11.1819
chr1,2212816,TBP_peak_96,9.71314
chr1,2227634,TBP_peak_97,6.54315
chr1,2228036,TBP_peak_98,59.2042
chr1,2275838,TBP_peak_99,6.1936
chr1,2291044,TBP_peak_100,3.81851
chr1,2381961,TBP_peak_101,6.66709
chr1,2391609,TBP_peak_102,19.7699
chr1,2412580,TBP_peak_103,5.07276
chr1,2412982,TBP_peak_104,6.57287
chr1,2448266,TBP_peak_105,4.36205
chr1,2475799,TBP_peak_106,13.5726
chr1,2526253,TBP_peak_107,3.97475
chr1,2526551,TBP_peak_108,65.897
chr1,2541785,TBP_peak_109,4.58878
chr1,2546086,TBP_peak_110,6.37789
chr1,2546379,TBP_peak_111,14.1962
chr1,2585980,TBP_peak_112,20.6673
chr1,2586442,TBP_peak_113,7.9882
chr1,3320103,TBP_peak_114,5.26065
chr1,3453270,TBP_peak_115,5.17005
chr1,3491403,TBP_peak_116,9.00427
chr1,3533647,TBP_peak_117,11.1831
chr1,3575722,TBP_peak_118,8.16072
chr1,3619164,TBP_peak_119,8.2379
chr1,3625042,TBP_peak_120,3.48929
chr1,3625794,TBP_peak_121,9.40746
chr1,3650059,TBP_peak_122,17.9144
chr1,3724687,TBP_peak_123,4.36205
chr1,3747339,TBP_peak_124,14.5031
chr1,3774996,TBP_peak_125,19.3251
chr1,3785602,TBP_peak_126,4.85915
chr1,3793890,TBP_peak_127,68.421
chr1,3796544,TBP_peak_128,26.9871
chr1,3804117,TBP_peak_129,9.33215
chr1,3804700,TBP_peak_130,7.69918
chr1,3857306,TBP_peak_131,14.2257
chr1,3870100,TBP_peak_132,13.0686
chr1,3881605,TBP_peak_133,8.69224
chr1,3900464,TBP_peak_134,42.793
chr1,3976122,TBP_peak_135,79.9605
chr1,4007270,TBP_peak_136,16.838
chr1,4144723,TBP_peak_137,4.36205
chr1,4303120,TBP_peak_138,19.5619
chr1,5539503,TBP_peak_139,7.15965
chr1,5893408,TBP_peak_140,4.11991
chr1,5917908,TBP_peak_141,77.5284
chr1,5992430,TBP_peak_142,13.7728
chr1,6007131,TBP_peak_143,2.72186
chr1,6007538,TBP_peak_144,5.36148
chr1,6052734,TBP_peak_145,5.80471
chr1,6127752,TBP_peak_146,8.89093
chr1,6199632,TBP_peak_147,132.705
chr1,6205005,TBP_peak_148,4.03072
chr1,6205316,TBP_peak_149,13.6996
chr1,6206021,TBP_peak_150,7.33223
chr1,6208851,TBP_peak_151,6.47776
chr1,6209470,TBP_peak_152,5.89
chr1,6235942,TBP_peak_153,39.033
chr1,6236259,TBP_peak_154,15.1054
chr1,6245218,TBP_peak_155,9.12065
chr1,6246917,TBP_peak_156,4.85883
chr1,6261569,TBP_peak_157,4.17866
chr1,6343567,TBP_peak_158,8.2379
chr1,6393386,TBP_peak_159,38.4817
chr1,6393776,TBP_peak_160,22.2621
chr1,6395376,TBP_peak_161,8.71012
chr1,6404830,TBP_peak_162,7.20789
chr1,6438183,TBP_peak_163,4.27479
chr1,6486681,TBP_peak_164,5.95821
chr1,6490067,TBP_peak_165,3.96713
chr1,6554513,TBP_peak_166,87.1881
chr1,6580008,TBP_peak_167,29.4125
chr1,6601311,TBP_peak_168,4.11664
chr1,6602836,TBP_peak_169,75.1772
chr1,6603520,TBP_peak_170,5.82143
chr1,6604056,TBP_peak_171,3.18438
chr1,6613122,TBP_peak_172,2.90297
chr1,6613535,TBP_peak_173,6.91592
chr1,6625190,TBP_peak_174,8.42777
chr1,6646668,TBP_peak_175,4.46389
chr1,6701847,TBP_peak_176,93.5311
chr1,6727632,TBP_peak_177,4.04171
chr1,6739238,TBP_peak_178,69.615
chr1,6785006,TBP_peak_179,38.2396
chr1,6963464,TBP_peak_180,1.99074
chr1,7335140,TBP_peak_181,7.15965
chr1,7704612,TBP_peak_182,6.43791
chr1,7761073,TBP_peak_183,11.8375
chr1,7771077,TBP_peak_184,18.9549
chr1,7784167,TBP_peak_185,79.0983
chr1,7827696,TBP_peak_186,10.552
chr1,7849525,TBP_peak_187,9.1865
chr1,7902885,TBP_peak_188,4.32305
chr1,7954236,TBP_peak_189,34.2649
chr1,7961512,TBP_peak_190,206.466
chr1,7982535,TBP_peak_191,4.32305
chr1,8004917,TBP_peak_192,11.1399
chr1,8015181,TBP_peak_193,5.26065
chr1,8026329,TBP_peak_194,98.4054
chr1,8104733,TBP_peak_195,6.89157
chr1,8122663,TBP_peak_196,4.39526
chr1,8122791,TBP_peak_197,7.48403
chr1,8409264,TBP_peak_198,4.19907
chr1,8424062,TBP_peak_199,4.75834
chr1,8525947,TBP_peak_200,9.25375
chr1,8542342,TBP_peak_201,13.1994
chr1,8611773,TBP_peak_202,4.36205
chr1,8703431,TBP_peak_203,45.6491
chr1,8789499,TBP_peak_204,30.002
chr1,8792868,TBP_peak_205,11.6359
chr1,8797010,TBP_peak_206,6.78481
chr1,8817692,TBP_peak_207,88.874
chr1,8878065,TBP_peak_208,71.6534
chr1,8878688,TBP_peak_209,139.986
chr1,8900032,TBP_peak_210,20.3393
chr1,8907776,TBP_peak_211,4.69657
chr1,9009729,TBP_peak_212,35.3155
chr1,9110961,TBP_peak_213,4.36205
chr1,9129026,TBP_peak_214,2.8394
chr1,9234418,TBP_peak_215,13.2697
chr1,9234850,TBP_peak_216,18.1115
chr1,9267315,TBP_peak_217,5.99773
chr1,9292916,TBP_peak_218,8.31682
chr1,9300419,TBP_peak_219,2.80925
chr1,9411263,TBP_peak_220,8.16072
chr1,9428922,TBP_peak_221,11.3026
chr1,9491229,TBP_peak_222,4.60265
chr1,9495364,TBP_peak_223,6.23799
chr1,9519459,TBP_peak_224,5.94908
chr1,9529462,TBP_peak_225,4.54039
chr1,9539475,TBP_peak_226,79.5613
chr1,9588759,TBP_peak_227,20.5396
chr1,9615838,TBP_peak_228,3.81851
chr1,9627180,TBP_peak_229,28.6043
chr1,9651754,TBP_peak_230,4.49875
chr1,9657940,TBP_peak_231,6.89672
chr1,9662302,TBP_peak_232,43.3769
chr1,9687264,TBP_peak_233,6.16501
chr1,9717679,TBP_peak_234,31.0971
chr1,9719270,TBP_peak_235,22.9637
chr1,9725200,TBP_peak_236,9.01492
chr1,9759574,TBP_peak_237,8.31682
chr1,9774836,TBP_peak_238,14.325
chr1,9784680,TBP_peak_239,5.26065
chr1,9823864,TBP_peak_240,12.447
chr1,9910704,TBP_peak_241,32.6685
chr1,9929564,TBP_peak_242,14.3299
chr1,9943478,TBP_peak_243,130.525
chr1,9950537,TBP_peak_244,9.6546
